Siglas de la Institución,Importe del contrato
IMP,102634261.21999998
INDESALUD,119818812.31
MOR,121422429.8
IMSSBIENESTAR,173779746.0
PUE,203869861.92
SEMAR,206834874.26284406
SEDENA,887088173.1485
ISSSTE,917970678.8699999
INSABI,2301565728.89
IMSS,5473708001.888608
