Siglas de la Institución,Importe del contrato
PUE,67564610.36
NL,96236502.4
INCARD,114856704.01
INER,134495352.05999997
INNN,139805555.5443
SEMAR,268557999.20399994
SEDENA,560543412.5914799
INSABI,624155451.1700001
ISSSTE,1122369445.7099996
IMSS,2624865584.9975185
