Siglas de la Institución,Importe del contrato
INCMNSZ,98574270.55999999
IMP,102634261.22000001
INDESALUD,119818812.31000002
MOR,121422429.8
PUE,203869861.92
SEMAR,204008644.17284402
SEDENA,855002632.0085
ISSSTE,917970678.87
INSABI,2301565728.89
IMSS,5319057279.438606
