Siglas de la Institución,Importe del contrato
INCARD,129304064.97499998
AGS,141199912.58999997
PUE,145810992.2
IPN,167613075.11
QRO,169952993.94
SEDENA,392036040.68999994
SEMAR,634997801.1169999
INSABI,957743245.0099999
ISSSTE,3710989465.267
IMSS,5074294046.149995
