Siglas de la Institución,Importe del contrato
CAPUFE,2918674.0
SEDENA,3312166.3200000003
SALUDNL,3494982.0
NN,3529827.85
FIRA,4856563.63
SESAQROO,28172259.0
SSA,28999831.57
INMEGEN,42298652.94
IMSSBIENESTAR,173779746.0
IMSS,241169110.38000003
