Siglas de la Institución,Importe del contrato
HRAEI,61451735.24
JAL,73275862.07
TECNM,80373013.1
SEMAR,85580041.05999999
MOR,121422429.8
PUE,156169861.92000002
ISSSTE,675500578.57
SEDENA,786319102.41
INSABI,2301565728.8900003
IMSS,4012127846.8486023
